"sample","value"
"sample_1",13.167
"sample_10",14.667
"sample_100",14.625
"sample_1000",13
"sample_1001",11.15
"sample_1002",11
"sample_1003",12.233
"sample_1004",11.25
"sample_1005",16.367
"sample_1006",16.25
"sample_1007",13.292
"sample_1008",11.55
"sample_1009",12
"sample_101",12
"sample_1010",13.167
"sample_1011",10.95
"sample_1012",18.542
"sample_1013",13.417
"sample_1014",13.667
"sample_1015",11.625
"sample_1016",10.375
"sample_1017",14
"sample_1018",12.167
"sample_1019",11.65
"sample_102",12.733
"sample_1020",13.35
"sample_1021",12.533
"sample_1022",11.8
"sample_1023",12
"sample_1024",12.55
"sample_1025",11.5
"sample_1026",15.167
"sample_1027",10.75
"sample_1028",9.5
"sample_1029",17.167
"sample_103",13.267
"sample_1030",15.833
"sample_1031",14.875
"sample_1032",13.792
"sample_1033",12.2
"sample_1034",13.25
"sample_1035",12.208
"sample_1036",14.292
"sample_1037",13.167
"sample_1038",15.083
"sample_1039",12.875
"sample_104",13.125
"sample_1040",12
"sample_1041",13.167
"sample_1042",10.125
"sample_1043",16.917
"sample_1044",12.267
"sample_1045",11.1
"sample_1046",12.8
"sample_1047",12.267
"sample_1048",12.417
"sample_1049",11.333
"sample_105",14.125
"sample_1050",12.125
"sample_1051",11.125
"sample_1052",14.833
"sample_1053",13.125
"sample_1054",10.2
"sample_1055",11.5
"sample_1056",13.125
"sample_1057",11.75
"sample_1058",12.417
"sample_1059",10.65
"sample_106",15.9
"sample_1060",14.6
"sample_1061",12.292
"sample_1062",10.95
"sample_1063",10.25
"sample_1064",10.25
"sample_1065",13.667
"sample_1066",12
"sample_1067",11
"sample_1068",12.708
"sample_1069",11.3
"sample_107",12.5
"sample_1070",12.292
"sample_1071",13.708
"sample_1072",12.833
"sample_1073",11.542
"sample_1074",12.233
"sample_1075",12.85
"sample_1076",12.417
"sample_1077",12.35
"sample_1078",12
"sample_1079",10.625
"sample_108",14.6
"sample_1080",13.833
"sample_1081",13.042
"sample_1082",12.417
"sample_1083",10.65
"sample_1084",11.833
"sample_1085",12.75
"sample_1086",12.533
"sample_1087",11.125
"sample_1088",9.8
"sample_1089",9.875
"sample_109",10.75
"sample_1090",12.267
"sample_1091",11.042
"sample_1092",10.75
"sample_1093",11.333
"sample_1094",12.583
"sample_1095",11.125
"sample_1096",11.05
"sample_1097",11.15
"sample_1098",12.5
"sample_1099",12.367
"sample_11",15.167
"sample_110",12.875
"sample_1100",11.417
"sample_1101",11.5
"sample_1102",11
"sample_1103",12.875
"sample_1104",11.15
"sample_1105",16.208
"sample_1106",13.542
"sample_1107",11.917
"sample_1108",11.042
"sample_1109",10.867
"sample_111",13.75
"sample_1110",12.533
"sample_1111",20.375
"sample_1112",12
"sample_1113",13.083
"sample_1114",13.375
"sample_1115",14.292
"sample_1116",17.8
"sample_1117",15.125
"sample_1118",15.167
"sample_1119",14.167
"sample_112",12.5
"sample_1120",18.2
"sample_1121",17.125
"sample_1122",13.75
"sample_1123",16.417
"sample_1124",14.458
"sample_1125",13.25
"sample_1126",12.067
"sample_1127",10.625
"sample_1128",13.25
"sample_1129",16.458
"sample_113",13.625
"sample_1130",10.55
"sample_1131",13.75
"sample_1132",13.125
"sample_1133",12.967
"sample_1134",11.5
"sample_1135",10.625
"sample_1136",12.542
"sample_1137",14.75
"sample_1138",13
"sample_1139",13.708
"sample_114",13.3
"sample_1140",14.208
"sample_1141",13.6
"sample_1142",14
"sample_1143",15.967
"sample_1144",14.292
"sample_1145",11.05
"sample_1146",12.25
"sample_1147",14.8
"sample_1148",13.2
"sample_1149",11.5
"sample_115",10
"sample_1150",11.7
"sample_1151",9.875
"sample_1152",13.5
"sample_1153",12.333
"sample_1154",11.8
"sample_1155",12.583
"sample_1156",14.667
"sample_1157",12.55
"sample_1158",13.5
"sample_1159",14.333
"sample_1160",12.167
"sample_1161",13.5
"sample_1162",12.5
"sample_1163",13.9
"sample_1164",15.7
"sample_1165",11.125
"sample_1166",14.367
"sample_1167",15.9
"sample_1168",13.125
"sample_1169",13.3
"sample_117",17.875
"sample_1170",17.65
"sample_1171",13.417
"sample_1172",12.85
"sample_1173",11.625
"sample_1174",13.25
"sample_1175",13
"sample_1176",14.2
"sample_1177",13.167
"sample_1178",16.083
"sample_1179",13.2
"sample_1180",14.167
"sample_1181",12.367
"sample_1182",13.333
"sample_1183",15.933
"sample_1184",9.25
"sample_1185",12.733
"sample_1186",13.708
"sample_1187",12.542
"sample_1188",16.042
"sample_1189",15.167
"sample_119",14.875
"sample_1190",12.5
"sample_1191",12.433
"sample_1192",14.067
"sample_1193",12.25
"sample_1194",12.2
"sample_1195",11.875
"sample_1196",11.55
"sample_1197",12.2
"sample_1198",12.167
"sample_1199",12
"sample_12",14.917
"sample_120",12.375
"sample_1200",11.875
"sample_1201",13.4
"sample_1202",13.875
"sample_1203",12.433
"sample_1204",11.667
"sample_1205",12.733
"sample_1206",14.05
"sample_1207",13.25
"sample_1208",14.7
"sample_1209",10.3
"sample_121",13.667
"sample_1210",11.367
"sample_1211",12.667
"sample_1212",11.35
"sample_1213",10.95
"sample_1214",11.1
"sample_1215",14.933
"sample_1216",12.05
"sample_1217",12.2
"sample_1218",12.542
"sample_1219",10.7
"sample_122",16.25
"sample_1220",13
"sample_1221",14.133
"sample_1222",12.45
"sample_1223",15.75
"sample_1224",14.233
"sample_1225",12.917
"sample_1226",11.125
"sample_1227",10
"sample_1228",14
"sample_1229",20.75
"sample_123",12.833
"sample_1230",13.667
"sample_1231",11.583
"sample_1232",12.25
"sample_1233",12.55
"sample_1234",13.233
"sample_1235",14.042
"sample_1236",12.75
"sample_1237",11.875
"sample_1238",12.708
"sample_1239",11.917
"sample_124",12.667
"sample_1240",13.35
"sample_1241",13.5
"sample_1242",13.625
"sample_1243",12.533
"sample_1244",13.917
"sample_1245",16.05
"sample_1246",14.167
"sample_1247",18.167
"sample_1248",10.3
"sample_1249",12.55
"sample_125",10.458
"sample_1250",12.375
"sample_1251",12.167
"sample_1252",13.5
"sample_1253",10.1
"sample_1254",14.167
"sample_1255",12.5
"sample_1256",12.95
"sample_1257",12.333
"sample_1258",10.875
"sample_1259",14.667
"sample_126",12.125
"sample_1260",14.7
"sample_1261",12.083
"sample_1262",13.542
"sample_1263",15.25
"sample_1264",11.25
"sample_1265",11.45
"sample_1266",12.5
"sample_1267",13.05
"sample_1268",14.4
"sample_1269",11.733
"sample_127",13.417
"sample_1270",13.567
"sample_1271",11
"sample_1274",17.933
"sample_1276",12
"sample_1277",16.167
"sample_1278",11.375
"sample_1279",13.125
"sample_128",13.375
"sample_1280",13.05
"sample_1281",13.5
"sample_1282",14.95
"sample_1283",11.25
"sample_1284",13.125
"sample_1285",14.167
"sample_1286",13.333
"sample_1287",14.9
"sample_1288",14.333
"sample_1289",12.75
"sample_129",12.5
"sample_1290",13.042
"sample_1291",12.967
"sample_1292",13
"sample_1293",12.875
"sample_1294",13
"sample_1295",11.9
"sample_1296",13.35
"sample_1297",12.55
"sample_1298",14.375
"sample_1299",11.375
"sample_13",13
"sample_130",12.05
"sample_1300",13
"sample_1301",15
"sample_1302",12.8
"sample_1303",11.75
"sample_1304",13.542
"sample_1305",11
"sample_1306",13.2
"sample_1307",14
"sample_1308",12.967
"sample_1309",14.3
"sample_131",13.792
"sample_1310",14.375
"sample_1311",11.875
"sample_1312",13.458
"sample_1313",14.125
"sample_1314",14.625
"sample_1315",13.15
"sample_1316",14.708
"sample_1317",8.2
"sample_1318",11.5
"sample_1319",13.367
"sample_132",13.1
"sample_1320",14.35
"sample_1321",15.125
"sample_1322",14.625
"sample_1323",15.5
"sample_1324",13.733
"sample_1325",12
"sample_1326",12.633
"sample_1327",14.05
"sample_1328",12
"sample_1329",11.083
"sample_133",12.833
"sample_1330",11.667
"sample_1331",17.75
"sample_1332",15
"sample_1333",15.167
"sample_1334",13.8
"sample_1335",13.95
"sample_1336",13.5
"sample_1337",12.25
"sample_1338",12.05
"sample_1339",13.625
"sample_134",11.8
"sample_1340",12.958
"sample_1341",14.458
"sample_1342",14
"sample_1343",13.6
"sample_1344",12.625
"sample_1345",12.767
"sample_1346",12.75
"sample_1347",18.417
"sample_1348",15.067
"sample_1349",14.417
"sample_135",19
"sample_1350",12.667
"sample_1351",15.417
"sample_1352",14.125
"sample_1353",15.958
"sample_1354",14.875
"sample_1355",14.5
"sample_1356",12.8
"sample_1357",15.625
"sample_1358",14.5
"sample_1359",11.35
"sample_136",13.5
"sample_1360",11.667
"sample_1361",14.375
"sample_1362",12.05
"sample_1363",11.125
"sample_1364",10.75
"sample_1365",11.35
"sample_1366",12.833
"sample_1367",15.167
"sample_1368",19.75
"sample_1369",11.167
"sample_137",11.7
"sample_1370",13.542
"sample_1371",11.15
"sample_1372",11.125
"sample_1373",12.375
"sample_1374",13.7
"sample_1375",11.292
"sample_1376",11.125
"sample_1377",15.25
"sample_1378",16
"sample_1379",13.917
"sample_138",17.667
"sample_1380",12
"sample_1381",10.667
"sample_1382",13
"sample_1383",15.5
"sample_1384",13.208
"sample_1385",12.85
"sample_1386",12.667
"sample_1387",10.417
"sample_1388",11.625
"sample_1389",15.542
"sample_139",14.9
"sample_1390",15
"sample_1391",13.542
"sample_1392",10.125
"sample_1393",13.625
"sample_1394",13.792
"sample_1395",13.15
"sample_1396",12
"sample_1397",13.75
"sample_1398",12.875
"sample_1399",15.2
"sample_14",14.292
"sample_140",12.625
"sample_1400",13.625
"sample_1401",12.375
"sample_1402",12.3
"sample_1403",13.15
"sample_1404",15.567
"sample_1405",14
"sample_1406",12.75
"sample_1407",20.625
"sample_1408",14.167
"sample_1409",13.75
"sample_141",11.625
"sample_1410",13.833
"sample_1411",12.65
"sample_1412",13.5
"sample_1413",13.067
"sample_1414",13.333
"sample_1415",15.033
"sample_1416",12.7
"sample_1417",13.3
"sample_1418",13.458
"sample_1419",13.45
"sample_142",12.625
"sample_1420",13.067
"sample_1421",13.75
"sample_1422",9.75
"sample_1423",13.15
"sample_1424",12.733
"sample_1425",12.917
"sample_1426",13.85
"sample_1427",16.333
"sample_1428",13.433
"sample_1429",14.333
"sample_143",12.55
"sample_1430",12.75
"sample_1431",13
"sample_1432",14.867
"sample_1433",10.65
"sample_1434",13.25
"sample_1435",12.95
"sample_1436",11.733
"sample_1437",12.35
"sample_1438",13.333
"sample_1439",14.625
"sample_1440",14.292
"sample_1441",11.5
"sample_1442",10.75
"sample_1443",11.75
"sample_1444",12
"sample_1445",13.4
"sample_1446",11.2
"sample_1447",11.25
"sample_1448",8.667
"sample_1449",11.667
"sample_145",18.067
"sample_1450",12.2
"sample_1451",15.5
"sample_1452",10.25
"sample_1453",12.4
"sample_1454",12.5
"sample_1455",8.75
"sample_1456",8.25
"sample_1457",11.5
"sample_1458",11.8
"sample_1459",12
"sample_146",14.45
"sample_1460",13
"sample_1461",11.75
"sample_1462",15.5
"sample_1463",13.2
"sample_1464",14.75
"sample_1465",10.8
"sample_1466",11
"sample_1467",9.4
"sample_1468",8
"sample_1469",10.4
"sample_147",13.625
"sample_1470",9.8
"sample_1471",10
"sample_1472",14
"sample_1473",12.25
"sample_1474",17.25
"sample_1475",9.2
"sample_1476",9
"sample_1477",11.25
"sample_1478",11.875
"sample_1479",9.917
"sample_148",12.9
"sample_1480",12.375
"sample_1481",12.05
"sample_1482",13.933
"sample_1483",11
"sample_1484",14.833
"sample_1485",13.375
"sample_1486",15.067
"sample_1487",12.75
"sample_1488",12.583
"sample_1489",12.433
"sample_149",12
"sample_1490",14.367
"sample_1491",11.25
"sample_1492",17.083
"sample_1493",13.5
"sample_1494",10.65
"sample_1495",11.5
"sample_1496",13.667
"sample_1497",11.25
"sample_1498",13
"sample_1499",10.5
"sample_15",11.5
"sample_150",11.75
"sample_1500",16.5
"sample_1501",12.292
"sample_1502",12.45
"sample_1503",14.833
"sample_1504",12.625
"sample_1505",13.375
"sample_1506",12.3
"sample_1507",14
"sample_1508",12.7
"sample_1509",12.917
"sample_151",14.3
"sample_1510",12.375
"sample_1511",11.667
"sample_1512",15.583
"sample_1513",13.4
"sample_1514",17
"sample_1515",12.375
"sample_1516",12.167
"sample_1517",13.6
"sample_1518",7.667
"sample_1519",16.433
"sample_152",14.375
"sample_1520",12.5
"sample_1521",12.833
"sample_1522",12.417
"sample_1523",14.458
"sample_1524",14.1
"sample_1525",14.033
"sample_1526",18.167
"sample_1527",16.083
"sample_1528",13.35
"sample_1529",12.333
"sample_153",13.65
"sample_1530",13.333
"sample_1531",12.292
"sample_1532",14.533
"sample_1533",10.15
"sample_1534",12.75
"sample_1535",12.3
"sample_1536",14.367
"sample_1537",13.95
"sample_1538",13.15
"sample_1539",12.6
"sample_154",12.65
"sample_1540",13.3
"sample_1541",21.875
"sample_1542",13.867
"sample_1543",14.233
"sample_1544",11.5
"sample_1545",16
"sample_1546",13.667
"sample_1547",13.8
"sample_1548",11.35
"sample_1549",11.75
"sample_155",14.15
"sample_1550",12.25
"sample_1551",15.567
"sample_1552",15.65
"sample_1553",15.45
"sample_1554",14.5
"sample_1555",19.375
"sample_1556",15.25
"sample_1557",12.7
"sample_1558",14.875
"sample_1559",15.542
"sample_156",13.375
"sample_1560",14
"sample_1561",14.633
"sample_1562",14
"sample_1563",12.333
"sample_1564",13.667
"sample_1565",11.667
"sample_1566",15.875
"sample_1567",16.625
"sample_1568",13.833
"sample_1569",12.875
"sample_157",13.667
"sample_1570",14.375
"sample_1571",12
"sample_1572",14.167
"sample_1573",13.567
"sample_1574",12.417
"sample_1575",14.867
"sample_1576",13.625
"sample_1577",14.583
"sample_1578",12.367
"sample_1579",15.533
"sample_158",10.583
"sample_1580",13.35
"sample_1581",11.875
"sample_1582",13.8
"sample_1583",13.133
"sample_1584",13.75
"sample_1585",20.833
"sample_1586",13.375
"sample_1587",13.033
"sample_1588",14.933
"sample_1589",11.5
"sample_159",14.6
"sample_1590",11.65
"sample_1591",12.033
"sample_1592",11.875
"sample_1593",14
"sample_1594",10.875
"sample_1595",13.4
"sample_1596",14.167
"sample_1597",12
"sample_1598",12.45
"sample_1599",13.5
"sample_16",16.417
"sample_160",12.967
"sample_1600",14.25
"sample_1601",12.9
"sample_1602",13.867
"sample_1603",10.65
"sample_1604",16.292
"sample_1605",12.45
"sample_1606",18.125
"sample_1607",15.75
"sample_1608",14.133
"sample_1609",12.667
"sample_161",15.5
"sample_1610",13.2
"sample_1611",15.167
"sample_1612",12.75
"sample_1613",16.5
"sample_1614",13.167
"sample_1615",13.5
"sample_1616",14.233
"sample_1617",17
"sample_1618",14.1
"sample_1619",15.625
"sample_162",16.75
"sample_1620",12.375
"sample_1621",12.6
"sample_1622",11.75
"sample_1623",13
"sample_1624",12.4
"sample_1625",13.25
"sample_1626",12
"sample_1627",12.6
"sample_1628",12
"sample_1629",11.75
"sample_163",14.833
"sample_1630",11.5
"sample_1631",13.667
"sample_1632",12.75
"sample_1633",12.6
"sample_1634",12.333
"sample_1635",12.5
"sample_1636",12
"sample_1637",15.4
"sample_1638",13.5
"sample_1639",15
"sample_164",15.625
"sample_1640",15.5
"sample_1641",11.75
"sample_1642",10.6
"sample_1643",13.6
"sample_1644",16.667
"sample_1645",14.4
"sample_1646",13.25
"sample_1647",12.75
"sample_1648",13
"sample_1649",11.25
"sample_165",15.75
"sample_1650",16.2
"sample_1651",12.5
"sample_1652",10.333
"sample_1653",13.75
"sample_1654",11.25
"sample_1655",12.2
"sample_1656",12.2
"sample_1657",12.233
"sample_1658",14.125
"sample_1659",13.033
"sample_166",20.833
"sample_1660",13.933
"sample_1661",12.15
"sample_1662",11.65
"sample_1663",13.375
"sample_1664",12.767
"sample_1665",10.35
"sample_1666",12.125
"sample_1667",13.767
"sample_1668",13.583
"sample_1669",12.083
"sample_167",13.25
"sample_1670",12.167
"sample_1671",11.542
"sample_1672",13.458
"sample_1673",13.208
"sample_1674",16.792
"sample_1675",13.233
"sample_1676",16.417
"sample_1677",9
"sample_1678",13.625
"sample_1679",13.4
"sample_168",17.133
"sample_1680",14.167
"sample_1681",11.125
"sample_1682",15.167
"sample_1683",12.367
"sample_1684",12.792
"sample_1685",13.375
"sample_1686",15.375
"sample_1687",14.45
"sample_1688",12.35
"sample_1689",13.25
"sample_169",14.667
"sample_1690",13.967
"sample_1691",12.917
"sample_1692",13.25
"sample_1693",11.625
"sample_1694",12.767
"sample_1695",12.15
"sample_1696",13.167
"sample_1697",9.875
"sample_1698",11.625
"sample_1699",11.292
"sample_17",13.5
"sample_170",13.05
"sample_1700",10.4
"sample_1701",10.583
"sample_1702",14
"sample_1703",13.167
"sample_1704",18.4
"sample_1706",16.75
"sample_1707",12.7
"sample_1708",12.375
"sample_1709",11.75
"sample_171",16
"sample_1710",12.367
"sample_1711",13.167
"sample_1712",13.125
"sample_1713",12.35
"sample_1714",12.125
"sample_1715",15.125
"sample_1716",11.833
"sample_1717",13.3
"sample_1718",13
"sample_1719",14.208
"sample_172",15.5
"sample_1720",13.25
"sample_1721",14.667
"sample_1722",13.567
"sample_1723",15.333
"sample_1724",10.35
"sample_1725",12.875
"sample_1726",13.133
"sample_1727",14.233
"sample_1728",11.375
"sample_1729",11.15
"sample_173",13.042
"sample_1730",12.4
"sample_1731",15.7
"sample_1732",18.958
"sample_1733",17.833
"sample_1734",20.667
"sample_1735",20.5
"sample_1736",17
"sample_1737",22.5
"sample_1738",16.542
"sample_1739",14.45
"sample_174",11.917
"sample_1740",17.7
"sample_1741",16.25
"sample_1742",10.417
"sample_1743",16
"sample_1744",15.5
"sample_1745",11
"sample_1746",15.25
"sample_1747",14.85
"sample_1748",14.7
"sample_1749",14.833
"sample_175",11.55
"sample_1750",26.25
"sample_1751",18
"sample_1752",16.375
"sample_1753",14.367
"sample_1754",14.542
"sample_1755",16
"sample_1756",12.958
"sample_1757",13.5
"sample_1758",18.5
"sample_1759",13.833
"sample_176",12.375
"sample_1760",16
"sample_1761",14.375
"sample_1762",16.917
"sample_1763",20.167
"sample_1764",26.5
"sample_1765",16.625
"sample_1766",12.75
"sample_1767",16.167
"sample_1768",16.833
"sample_1769",17.533
"sample_177",13.2
"sample_1770",16
"sample_1771",16.083
"sample_1772",14.333
"sample_1773",13.875
"sample_1774",14.333
"sample_1775",12.95
"sample_1776",13.2
"sample_1777",12.333
"sample_1778",12.967
"sample_1779",13.417
"sample_178",11.583
"sample_1780",17.5
"sample_1781",14.167
"sample_1782",20.5
"sample_1783",13.5
"sample_1784",12.833
"sample_1785",12.5
"sample_1786",15.533
"sample_1787",16.667
"sample_1788",14.417
"sample_1789",13.55
"sample_179",14
"sample_1790",18.833
"sample_1791",15.958
"sample_1792",20.2
"sample_1793",12.8
"sample_1794",26.5
"sample_1795",28
"sample_1796",12.05
"sample_1797",16.3
"sample_1798",16.375
"sample_1799",15.25
"sample_18",13.75
"sample_180",12.25
"sample_1800",18.267
"sample_1801",15.375
"sample_1802",14.583
"sample_1803",15
"sample_1804",15.15
"sample_1805",17
"sample_1807",16.15
"sample_1808",15
"sample_1809",10.25
"sample_181",16
"sample_1810",13.875
"sample_1811",14.667
"sample_1812",11.375
"sample_1813",17.733
"sample_1814",15.667
"sample_1815",14.125
"sample_1816",13.75
"sample_1817",14.292
"sample_1818",13.75
"sample_1819",13.333
"sample_182",12.125
"sample_1820",14.833
"sample_1821",16.867
"sample_1822",16.65
"sample_1823",18.083
"sample_1824",16.167
"sample_1825",13
"sample_1826",21
"sample_1827",17.6
"sample_1828",15.167
"sample_1829",13.375
"sample_183",14.167
"sample_1830",15.042
"sample_1831",16.333
"sample_1832",11.083
"sample_1833",16
"sample_1834",14.583
"sample_1835",13.375
"sample_1836",10.625
"sample_1837",15
"sample_1838",15.792
"sample_1839",12.625
"sample_184",13.375
"sample_1840",14.333
"sample_1841",15.633
"sample_1842",15.125
"sample_1843",14.25
"sample_1844",15
"sample_1845",14.667
"sample_1846",14.6
"sample_1847",15.633
"sample_1848",16.3
"sample_1849",17.375
"sample_185",13.433
"sample_1850",15.25
"sample_1851",13.375
"sample_1852",17
"sample_1853",14.35
"sample_1854",12
"sample_1856",13.65
"sample_1857",10.75
"sample_1858",16.458
"sample_1859",15.125
"sample_186",12.833
"sample_1860",15
"sample_1861",14.625
"sample_1862",14.85
"sample_1863",14.333
"sample_1864",13.125
"sample_1865",13
"sample_1867",10.625
"sample_1868",11.167
"sample_1869",11.083
"sample_187",15.833
"sample_1870",17.417
"sample_1871",10.75
"sample_1872",15.25
"sample_1873",11.833
"sample_1874",13.583
"sample_1875",15.167
"sample_1876",12.75
"sample_1877",17.042
"sample_1878",16.267
"sample_1879",15.55
"sample_188",12.125
"sample_1880",20.417
"sample_1881",13.05
"sample_1882",14.25
"sample_1883",13.6
"sample_1884",13.95
"sample_1885",16.125
"sample_1886",18
"sample_1887",16.083
"sample_1888",13.5
"sample_1889",17.5
"sample_189",12
"sample_1890",14.833
"sample_1891",13.75
"sample_1892",13.333
"sample_1893",14.625
"sample_1894",11.7
"sample_1895",14.375
"sample_1896",15.875
"sample_1897",9.667
"sample_1898",13.433
"sample_1899",15.25
"sample_19",14.208
"sample_190",13.4
"sample_1900",14.5
"sample_1901",15.5
"sample_1902",18.5
"sample_1903",15.5
"sample_1904",15.333
"sample_1905",9.6
"sample_1906",13.875
"sample_1907",15.9
"sample_1908",13.667
"sample_1909",11.083
"sample_191",11.5
"sample_1910",13.5
"sample_1911",14.5
"sample_1912",15.083
"sample_1913",15.333
"sample_1914",14.05
"sample_1915",13.5
"sample_1916",13.375
"sample_1917",18.25
"sample_1918",15.2
"sample_1919",9.75
"sample_192",11.792
"sample_1921",25.5
"sample_1922",25.333
"sample_1923",18.75
"sample_1924",18.833
"sample_1925",12
"sample_1926",20
"sample_1927",16.125
"sample_1928",16
"sample_1929",17
"sample_193",12.5
"sample_1930",11.833
"sample_1931",18
"sample_1932",12.767
"sample_1933",10.8
"sample_1934",14.75
"sample_1935",16.375
"sample_1936",17.5
"sample_1937",17
"sample_1938",15.875
"sample_1939",15.375
"sample_194",12.033
"sample_1940",19
"sample_1941",14.267
"sample_1942",14.625
"sample_1943",16.5
"sample_1944",15.5
"sample_1945",13.75
"sample_1946",14.875
"sample_1947",13.75
"sample_1948",14.667
"sample_1949",19.667
"sample_195",14.167
"sample_1950",13.875
"sample_1951",11.75
"sample_1952",11.875
"sample_1953",16.375
"sample_1954",13.375
"sample_1955",14.65
"sample_1956",12
"sample_1957",13.8
"sample_1958",16
"sample_1959",13.667
"sample_196",14.542
"sample_1960",21.4
"sample_1962",13.917
"sample_1963",16.458
"sample_1964",14.567
"sample_1965",14.75
"sample_1966",13.958
"sample_1967",15.5
"sample_1968",13.75
"sample_1969",20.333
"sample_197",14.125
"sample_1970",15.167
"sample_1971",14.8
"sample_1972",13.3
"sample_1973",18.708
"sample_1974",15.5
"sample_1975",14.875
"sample_1976",20.5
"sample_1977",14.6
"sample_1978",20
"sample_1979",14.85
"sample_198",12.625
"sample_1980",14.833
"sample_1981",17.917
"sample_1982",16.45
"sample_1984",18.5
"sample_1985",17
"sample_1986",22.667
"sample_1987",15.533
"sample_1988",21.667
"sample_1989",18
"sample_199",12.533
"sample_1990",14.667
"sample_1991",18.667
"sample_1992",12.5
"sample_1993",18.667
"sample_1994",15.5
"sample_1995",14.667
"sample_1996",14.633
"sample_1997",16.458
"sample_1998",19.25
"sample_2",15.6
"sample_20",12.25
"sample_200",12
"sample_201",12.75
"sample_202",12.75
"sample_203",19.292
"sample_204",12.875
"sample_205",11.25
"sample_206",10.7
"sample_207",10.875
"sample_208",10.25
"sample_209",12.25
"sample_21",14.5
"sample_210",13.2
"sample_211",13.9
"sample_212",11.5
"sample_213",11.5
"sample_214",12.833
"sample_215",11.9
"sample_216",13.533
"sample_217",11.125
"sample_218",12.667
"sample_219",11.95
"sample_22",12.25
"sample_220",11.667
"sample_221",13.708
"sample_222",13.167
"sample_223",13
"sample_224",12
"sample_225",12.625
"sample_226",18.5
"sample_227",10.375
"sample_228",11.7
"sample_229",12.667
"sample_23",11.167
"sample_230",17.167
"sample_231",12.35
"sample_232",11.8
"sample_233",13.633
"sample_234",12.958
"sample_235",14.333
"sample_236",10.35
"sample_237",11.25
"sample_238",13.25
"sample_239",13.467
"sample_240",14.3
"sample_241",14.4
"sample_242",15.2
"sample_243",13.5
"sample_244",11.625
"sample_245",11.467
"sample_246",12.3
"sample_247",11.75
"sample_248",11.5
"sample_249",10.55
"sample_25",10.95
"sample_250",11.875
"sample_251",11.1
"sample_252",10.583
"sample_253",10.25
"sample_254",11.625
"sample_255",13.833
"sample_256",10.125
"sample_257",12.9
"sample_258",13.967
"sample_259",10.133
"sample_26",10
"sample_260",12.833
"sample_261",11.5
"sample_262",14.35
"sample_263",12.417
"sample_264",14.375
"sample_265",12.667
"sample_266",11.75
"sample_267",11.833
"sample_268",13.375
"sample_269",13.5
"sample_27",12.5
"sample_270",12.875
"sample_271",14.4
"sample_272",12.85
"sample_273",13.875
"sample_274",12.5
"sample_275",14.75
"sample_276",12.625
"sample_277",12.2
"sample_278",13.375
"sample_279",15.333
"sample_28",13.208
"sample_280",13
"sample_281",13.25
"sample_282",15.25
"sample_283",11.433
"sample_284",12.25
"sample_285",11.125
"sample_286",17.75
"sample_287",14.6
"sample_288",13.75
"sample_289",15.125
"sample_29",12.367
"sample_290",11.875
"sample_291",12.417
"sample_292",11.75
"sample_293",12.125
"sample_294",12.417
"sample_295",14.667
"sample_296",12.95
"sample_297",13.375
"sample_298",13.125
"sample_299",18.375
"sample_3",14.208
"sample_30",11.25
"sample_300",12.875
"sample_301",14.167
"sample_302",12.375
"sample_303",13.333
"sample_304",12.1
"sample_305",13.292
"sample_306",14.333
"sample_307",13
"sample_308",12.375
"sample_309",14.567
"sample_31",12.375
"sample_310",11.15
"sample_311",15
"sample_312",13.067
"sample_313",11.125
"sample_314",11.417
"sample_315",12.967
"sample_316",14.083
"sample_317",11.433
"sample_318",12.833
"sample_319",11.8
"sample_32",13.3
"sample_320",15.25
"sample_321",13.267
"sample_322",13.15
"sample_323",14.417
"sample_324",12.15
"sample_325",12.917
"sample_326",10.75
"sample_327",15.208
"sample_328",11.375
"sample_329",11.5
"sample_33",15.75
"sample_330",12.6
"sample_331",12.8
"sample_332",12.833
"sample_333",12.875
"sample_334",15
"sample_335",12.9
"sample_336",13.667
"sample_337",11.3
"sample_338",10.85
"sample_339",11.5
"sample_34",13.875
"sample_340",12
"sample_341",10.933
"sample_342",13.292
"sample_343",15
"sample_344",12.958
"sample_345",13.333
"sample_346",20.4
"sample_347",11.45
"sample_348",16
"sample_349",15.5
"sample_35",13.1
"sample_350",15.708
"sample_351",16.875
"sample_352",14.75
"sample_353",14.65
"sample_354",12.875
"sample_355",11.75
"sample_356",13.467
"sample_357",13.45
"sample_358",17.067
"sample_359",11.95
"sample_36",14
"sample_360",15.5
"sample_361",15.125
"sample_362",13.125
"sample_363",15.333
"sample_364",13.375
"sample_365",11.75
"sample_366",12.208
"sample_367",12.55
"sample_368",11.55
"sample_369",14.15
"sample_37",12.375
"sample_370",14.917
"sample_371",12.958
"sample_372",11.625
"sample_373",13.417
"sample_374",14
"sample_375",11.625
"sample_376",11.05
"sample_378",13.208
"sample_379",11
"sample_38",13.583
"sample_380",13.375
"sample_381",13.25
"sample_382",13.35
"sample_383",11.917
"sample_384",11.4
"sample_385",11.25
"sample_386",11.875
"sample_387",11
"sample_388",16
"sample_389",11.75
"sample_39",13.2
"sample_390",13.667
"sample_391",11.633
"sample_392",11.5
"sample_393",11.7
"sample_394",14.15
"sample_395",11.875
"sample_396",11.75
"sample_397",14.733
"sample_398",15.5
"sample_399",12.625
"sample_4",14.25
"sample_40",12.467
"sample_400",14.2
"sample_401",11.35
"sample_402",14.233
"sample_403",14.875
"sample_404",12.833
"sample_405",12
"sample_406",18.7
"sample_407",13.867
"sample_408",11.5
"sample_409",13
"sample_41",13.5
"sample_410",13.9
"sample_411",10.625
"sample_412",12.833
"sample_413",12.333
"sample_414",13.5
"sample_415",12.708
"sample_416",11.65
"sample_417",14.5
"sample_418",14.917
"sample_419",13.75
"sample_42",16
"sample_420",13.3
"sample_421",13.85
"sample_422",14.9
"sample_423",14.333
"sample_424",13.667
"sample_425",16.375
"sample_426",11.75
"sample_427",11.75
"sample_428",12.15
"sample_429",14.7
"sample_43",16.5
"sample_430",11.375
"sample_431",10.875
"sample_432",14.792
"sample_433",11
"sample_434",12
"sample_435",11.5
"sample_436",13.45
"sample_437",13.583
"sample_438",11.875
"sample_439",13.375
"sample_44",14
"sample_440",13.5
"sample_441",13.167
"sample_442",14
"sample_443",15.583
"sample_444",12.75
"sample_445",11.875
"sample_446",10.35
"sample_447",11
"sample_448",12.5
"sample_449",15.5
"sample_45",18.65
"sample_450",12.792
"sample_451",11.5
"sample_452",14.6
"sample_453",11.95
"sample_454",13.917
"sample_455",12.375
"sample_457",13.5
"sample_458",13.5
"sample_459",10.625
"sample_46",19.5
"sample_460",15.633
"sample_461",12.167
"sample_462",13.75
"sample_463",13.533
"sample_464",13.458
"sample_465",14.633
"sample_466",14.75
"sample_467",13.625
"sample_468",12.75
"sample_469",13.5
"sample_47",15.875
"sample_470",12.75
"sample_471",10.733
"sample_472",15.875
"sample_473",12.042
"sample_474",13.567
"sample_475",11.25
"sample_476",13.5
"sample_477",14.708
"sample_478",10.625
"sample_479",15.233
"sample_48",14.867
"sample_480",13.25
"sample_481",11.5
"sample_482",11.125
"sample_483",13.5
"sample_484",13.867
"sample_485",10.85
"sample_486",10.45
"sample_487",10.9
"sample_488",10.85
"sample_489",11.35
"sample_49",13.583
"sample_490",11
"sample_491",12.625
"sample_492",12.867
"sample_493",12.5
"sample_494",10.5
"sample_495",12.25
"sample_496",11.625
"sample_497",13.05
"sample_498",12.633
"sample_499",12.167
"sample_5",10.375
"sample_50",13.333
"sample_500",11.6
"sample_501",12.25
"sample_502",11.75
"sample_503",10.333
"sample_504",12.25
"sample_505",12.5
"sample_506",13.583
"sample_507",14
"sample_508",14.167
"sample_509",12.65
"sample_51",15.958
"sample_510",13.083
"sample_511",13.8
"sample_512",16.3
"sample_513",12.55
"sample_514",13.25
"sample_515",13.15
"sample_516",12.5
"sample_517",12.875
"sample_518",13.292
"sample_519",13.85
"sample_52",15.667
"sample_520",14.467
"sample_521",11.95
"sample_522",10.3
"sample_523",11.75
"sample_524",14.458
"sample_525",15.292
"sample_526",15.75
"sample_527",13.633
"sample_528",12.533
"sample_529",11.25
"sample_53",12.75
"sample_530",12.875
"sample_531",13.458
"sample_532",12.567
"sample_533",13.4
"sample_534",13.65
"sample_535",14.15
"sample_536",17.6
"sample_537",16.267
"sample_538",10.65
"sample_539",14.875
"sample_54",12.333
"sample_540",10.625
"sample_541",10.875
"sample_542",11.875
"sample_543",12.65
"sample_544",13.75
"sample_545",13.875
"sample_546",12.5
"sample_547",11.35
"sample_548",11.3
"sample_549",13.75
"sample_55",15.458
"sample_550",14
"sample_551",14
"sample_552",12.833
"sample_553",14.125
"sample_554",13.733
"sample_555",13.625
"sample_556",11.75
"sample_557",14.375
"sample_558",16.333
"sample_559",12.625
"sample_56",15.083
"sample_560",13.25
"sample_561",11.35
"sample_562",12.55
"sample_563",16.2
"sample_564",13
"sample_565",20.93
"sample_566",23.367
"sample_567",19.467
"sample_568",18.038
"sample_569",12
"sample_57",16.75
"sample_570",13.958
"sample_571",11.75
"sample_572",12.917
"sample_574",14.55
"sample_575",11.45
"sample_576",16.542
"sample_577",11.65
"sample_578",14.458
"sample_579",12
"sample_58",14
"sample_580",12.667
"sample_581",12.083
"sample_582",11.5
"sample_583",13.267
"sample_584",12.333
"sample_585",13.5
"sample_586",20
"sample_587",10.667
"sample_588",11.167
"sample_589",14.25
"sample_59",10.833
"sample_590",11.15
"sample_591",12.375
"sample_592",11.375
"sample_593",13.3
"sample_594",12.25
"sample_595",11.5
"sample_596",14.958
"sample_597",10.3
"sample_598",12.542
"sample_599",10.9
"sample_6",14.5
"sample_60",15.5
"sample_600",9.55
"sample_601",12.5
"sample_602",14
"sample_603",10.875
"sample_604",11.75
"sample_605",11.083
"sample_606",11.75
"sample_607",14.6
"sample_608",11.75
"sample_609",12
"sample_61",13.125
"sample_610",11.3
"sample_611",11.625
"sample_612",11.5
"sample_613",11.85
"sample_614",11.733
"sample_615",11.333
"sample_616",12.875
"sample_617",12.667
"sample_619",12.3
"sample_62",15.85
"sample_620",18.1
"sample_621",14.8
"sample_622",11.583
"sample_623",11.85
"sample_624",14
"sample_625",11.233
"sample_626",11
"sample_627",11
"sample_628",8.6
"sample_63",13.233
"sample_631",11.55
"sample_632",12
"sample_633",12.625
"sample_634",10.875
"sample_635",13.917
"sample_636",12
"sample_637",11.733
"sample_638",11
"sample_639",11.75
"sample_64",11.4
"sample_640",12.533
"sample_641",17.7
"sample_642",14.875
"sample_643",13.05
"sample_644",12.833
"sample_645",11.75
"sample_646",15.7
"sample_647",14
"sample_648",10.167
"sample_649",13.233
"sample_65",11.4
"sample_650",11.433
"sample_651",14.833
"sample_652",10.8
"sample_653",10.55
"sample_654",12.375
"sample_655",11.875
"sample_656",16.875
"sample_657",11.4
"sample_658",13.733
"sample_659",13.8
"sample_66",12.25
"sample_660",12.467
"sample_661",13
"sample_662",10.35
"sample_663",12.7
"sample_664",11.5
"sample_665",11.55
"sample_666",13.5
"sample_667",14.292
"sample_668",14.4
"sample_669",12.208
"sample_67",14.7
"sample_670",12.7
"sample_671",12
"sample_672",11.9
"sample_673",13.083
"sample_674",13.5
"sample_675",10.95
"sample_676",10.75
"sample_677",11.75
"sample_678",12.5
"sample_679",10.875
"sample_68",11.833
"sample_680",11.067
"sample_681",11.875
"sample_682",13.15
"sample_683",11.45
"sample_684",14.25
"sample_685",12.6
"sample_686",14.708
"sample_687",12
"sample_688",13.167
"sample_689",11.75
"sample_69",12.75
"sample_690",10.75
"sample_691",10.4
"sample_692",12.1
"sample_693",12.5
"sample_694",11.5
"sample_695",11.583
"sample_696",12.25
"sample_697",11.25
"sample_698",12.567
"sample_699",12.35
"sample_7",12.958
"sample_70",13
"sample_700",12.708
"sample_701",13.533
"sample_702",11.917
"sample_703",11.6
"sample_704",13.5
"sample_705",12.333
"sample_706",14.5
"sample_707",12.833
"sample_708",11.35
"sample_709",13.25
"sample_71",15.267
"sample_710",13.292
"sample_711",11.75
"sample_712",11
"sample_713",9.45
"sample_714",12.667
"sample_715",17.25
"sample_716",12.667
"sample_717",12.7
"sample_718",12.417
"sample_719",11.1
"sample_72",10.367
"sample_720",12
"sample_721",14.333
"sample_722",10.7
"sample_723",11.35
"sample_724",10.875
"sample_725",28
"sample_726",15.083
"sample_727",14.208
"sample_728",13.55
"sample_729",14.067
"sample_73",12.875
"sample_730",13.458
"sample_731",12.533
"sample_732",13.1
"sample_733",13.042
"sample_734",33
"sample_735",16.15
"sample_736",12.875
"sample_737",12.125
"sample_738",11.2
"sample_739",12.1
"sample_74",13.533
"sample_740",12.125
"sample_741",17
"sample_742",12.033
"sample_743",20.375
"sample_744",14.567
"sample_745",15.625
"sample_746",11.967
"sample_747",12.125
"sample_748",11.875
"sample_749",16.3
"sample_75",10.9
"sample_750",11.5
"sample_751",15.6
"sample_752",8.65
"sample_753",10.2
"sample_754",13.25
"sample_755",15.167
"sample_756",12.867
"sample_757",14.45
"sample_758",13.267
"sample_759",12.125
"sample_76",12
"sample_760",12.333
"sample_761",13.167
"sample_762",13
"sample_763",12.3
"sample_764",13.333
"sample_765",12.75
"sample_766",16.55
"sample_767",13.375
"sample_768",12.8
"sample_769",11.9
"sample_77",14
"sample_770",11.083
"sample_771",10.75
"sample_772",12.5
"sample_773",13.083
"sample_774",17.542
"sample_775",13.133
"sample_776",11.833
"sample_777",12
"sample_778",12.2
"sample_779",11.967
"sample_78",11.55
"sample_780",12.767
"sample_781",12.2
"sample_782",12.667
"sample_783",12.958
"sample_784",12.45
"sample_785",11.25
"sample_786",12.15
"sample_787",13.25
"sample_788",14.708
"sample_789",12.367
"sample_79",13.167
"sample_790",14.917
"sample_791",15.875
"sample_792",11.5
"sample_794",14.5
"sample_795",12
"sample_796",12.583
"sample_797",12
"sample_798",12.533
"sample_799",13.708
"sample_8",10.583
"sample_80",11.7
"sample_800",14.25
"sample_801",12.25
"sample_802",14.875
"sample_803",13.133
"sample_804",14.292
"sample_805",11.7
"sample_806",13.533
"sample_807",12.233
"sample_808",12.567
"sample_809",11.433
"sample_81",10.5
"sample_810",9.85
"sample_811",11.375
"sample_812",11.25
"sample_813",11.167
"sample_814",11.35
"sample_815",11.7
"sample_816",12.75
"sample_817",12.633
"sample_818",13.433
"sample_819",12.633
"sample_82",12.55
"sample_820",12.083
"sample_821",10.65
"sample_822",14
"sample_823",14.75
"sample_824",12.833
"sample_825",11.917
"sample_826",13.067
"sample_827",13
"sample_828",10.85
"sample_829",12.25
"sample_83",12.542
"sample_830",13.375
"sample_831",12.625
"sample_832",14.333
"sample_833",15.208
"sample_834",18
"sample_835",11.95
"sample_836",12.05
"sample_837",13.5
"sample_838",11.25
"sample_839",13.417
"sample_84",13.667
"sample_840",12.967
"sample_841",10.6
"sample_842",13.417
"sample_843",11.95
"sample_844",12.25
"sample_845",13.35
"sample_846",9.875
"sample_847",12.25
"sample_848",11.95
"sample_849",12
"sample_85",13.375
"sample_850",11.875
"sample_851",13.125
"sample_852",12.8
"sample_853",12.6
"sample_854",13.35
"sample_855",13.033
"sample_856",10.25
"sample_857",13.542
"sample_858",12.45
"sample_859",13.5
"sample_86",10.792
"sample_860",11.833
"sample_861",12.5
"sample_862",12.875
"sample_863",12.75
"sample_864",12.625
"sample_865",13.367
"sample_866",12.125
"sample_867",12.833
"sample_868",11.375
"sample_869",10.55
"sample_87",13
"sample_870",12.1
"sample_871",9.85
"sample_872",17.5
"sample_873",12.65
"sample_874",12.95
"sample_875",11.833
"sample_876",13.667
"sample_877",10.75
"sample_878",11.75
"sample_879",10
"sample_88",10
"sample_880",14.3
"sample_881",13.367
"sample_882",11.25
"sample_883",12.875
"sample_884",16.9
"sample_885",10.75
"sample_886",17.967
"sample_887",11.5
"sample_888",10.75
"sample_889",11.55
"sample_89",13.3
"sample_890",12.667
"sample_891",11
"sample_892",13.417
"sample_893",10.667
"sample_894",18.583
"sample_895",19.75
"sample_896",16.6
"sample_897",12.958
"sample_898",11
"sample_899",14.867
"sample_9",10.333
"sample_90",11.65
"sample_900",18.5
"sample_901",14.1
"sample_902",13.208
"sample_903",11.4
"sample_904",12.458
"sample_905",13.167
"sample_906",14.25
"sample_907",11.55
"sample_908",12.75
"sample_909",13.125
"sample_91",10.083
"sample_910",12.125
"sample_911",12.933
"sample_912",12.8
"sample_913",10.375
"sample_914",12
"sample_915",16.5
"sample_916",9.4
"sample_917",14.208
"sample_918",14.625
"sample_919",14.833
"sample_92",13.417
"sample_920",10.533
"sample_921",13.167
"sample_922",11.85
"sample_923",11.125
"sample_924",12.75
"sample_925",12.833
"sample_926",13.667
"sample_927",11.3
"sample_928",11.4
"sample_929",13.083
"sample_93",11.167
"sample_930",8.85
"sample_931",12
"sample_932",10.75
"sample_933",14.45
"sample_934",9.875
"sample_935",14
"sample_936",13.125
"sample_937",11.5
"sample_938",13.15
"sample_939",16.625
"sample_94",13
"sample_940",13.083
"sample_941",12.15
"sample_942",15.542
"sample_943",8.75
"sample_944",12.917
"sample_945",12.367
"sample_946",13.75
"sample_947",14.433
"sample_948",12.75
"sample_949",10.875
"sample_95",10.167
"sample_950",13.958
"sample_951",13.125
"sample_952",11.15
"sample_953",15.85
"sample_954",12.5
"sample_955",12.083
"sample_956",14.708
"sample_957",13.208
"sample_958",13.5
"sample_959",10.8
"sample_960",14.867
"sample_961",12.25
"sample_962",12.125
"sample_963",11.333
"sample_964",13.667
"sample_965",10.75
"sample_966",11
"sample_967",14.05
"sample_968",11.583
"sample_969",11.75
"sample_97",11.7
"sample_970",12
"sample_971",12.45
"sample_972",14.667
"sample_973",11.5
"sample_974",9.75
"sample_975",10.7
"sample_976",12.083
"sample_977",12.05
"sample_978",12.333
"sample_979",13.625
"sample_98",12.333
"sample_980",10.917
"sample_981",12.375
"sample_982",10.45
"sample_983",10
"sample_984",12.567
"sample_985",9
"sample_986",10.95
"sample_987",9.833
"sample_988",11.583
"sample_989",15.5
"sample_99",10.633
"sample_990",11.15
"sample_991",11
"sample_992",12.167
"sample_993",10.5
"sample_994",12.333
"sample_995",13.2
"sample_996",12
"sample_997",11.458
"sample_998",11.583
"sample_999",13.7
